Park,Year,Timepoint,Soil_Moisture,Soil_Saturation,Soil_Water_Holding_Capacity,Bulk_Density,Soil_Nitrogen_Percentage,Soil_Carbon_Percentage,Soil_pH,Soil_Sand,Soil_Silt,Soil_Clay,Percent_Below_Poverty,Median_Income,km_from_geographic_center,Park_Perimeter_meter,Park_area_sq_meter,Perimeter_Area_ratio,Population_Density_in_Surrounding_Area,Imperviousness_in_50m_boundary,Imperviousness_in_150m_boundary,Imperviousness_in_500m_boundary,Gamma,Park_Gamma,Park_Beta,Park_shannon,Abundance_per_kg,Richness_per_kg
1,2021,Fall,4.100185654,0.153848321,26.65083135,1.391469432,0.2865956,3.316867,7.62,33,42,25,45.7,23456,0.22,195,1769,0.110231769,6439.3,77.4,79.27777778,74.8008342,7.355875455,2.895883281,1.780861328,2.895883281,905.4062934,84
1,2022,Fall,10.8898321,0.408611347,26.65083135,1.391469432,0.2865956,3.316867,7.62,33,42,25,45.7,23456,0.22,195,1769,0.110231769,6439.3,77.4,79.27777778,74.8008342,7.355875455,2.895883281,1.780861328,2.895883281,0,0
2,2021,Fall,18.80152444,0.684429595,27.47035573,1.280530592,0.2916181,3.953432,7.17,40,43,17,11.3,58341,5.23,328,5429,0.060416283,4968.5,21.43333333,20.74637681,27.60877955,7.355875455,4.32584158,1.459333315,4.32584158,645.0218275,97
2,2022,Fall,22.11316237,0.804982745,27.47035573,1.280530592,0.2916181,3.953432,7.17,40,43,17,11.3,58341,5.23,328,5429,0.060416283,4968.5,21.43333333,20.74637681,27.60877955,7.355875455,4.32584158,1.459333315,4.32584158,666.3514552,64
2,2021,Spring,22.28445592,0.811218323,27.47035573,1.280530592,0.2916181,3.953432,7.17,40,43,17,11.3,58341,5.23,328,5429,0.060416283,4968.5,21.43333333,20.74637681,27.60877955,7.437990004,3.925644067,1.444173247,3.925644067,717.8736834,78
2,2022,Spring,23.90268457,0.870126503,27.47035573,1.280530592,0.2916181,3.953432,7.17,40,43,17,11.3,58341,5.23,328,5429,0.060416283,4968.5,21.43333333,20.74637681,27.60877955,7.437990004,3.925644067,1.444173247,3.925644067,407.2198613,69
3,2021,Fall,4.630930836,0.178132478,25.99711677,1.479040438,0.2640913,6.319005,7.5,48,33,19,42.8,12977,1.36,550,17197,0.031982322,1751.5,60.02325581,61.08988764,66.25232342,7.355875455,3.243589368,1.543079195,3.243589368,406.5457272,54
3,2022,Fall,16.0468788,0.617256096,25.99711677,1.479040438,0.2640913,6.319005,7.5,48,33,19,42.8,12977,1.36,550,17197,0.031982322,1751.5,60.02325581,61.08988764,66.25232342,7.355875455,3.243589368,1.543079195,3.243589368,870.6587939,46
3,2021,Spring,13.68643826,0.526459852,25.99711677,1.479040438,0.2640913,6.319005,7.5,48,33,19,42.8,12977,1.36,550,17197,0.031982322,1751.5,60.02325581,61.08988764,66.25232342,7.437990004,3.869281286,1.50618952,3.869281286,503.7719413,77
3,2022,Spring,15.55107565,0.598184629,25.99711677,1.479040438,0.2640913,6.319005,7.5,48,33,19,42.8,12977,1.36,550,17197,0.031982322,1751.5,60.02325581,61.08988764,66.25232342,7.437990004,3.869281286,1.50618952,3.869281286,416.2606286,69
4,2021,Fall,13.3750382,0.45053903,29.68674699,1.301354464,0.337419,4.171235,7.26,27,43,30,20.6,38902,5.1,2700.32,429755,0.006283394,815.6,29.64596273,30.89981096,23.05450942,7.355875455,4.387843305,1.465424751,4.387843305,619.2963368,123
4,2022,Fall,28.15394544,0.94836748,29.68674699,1.301354464,0.337419,4.171235,7.26,27,43,30,20.6,38902,5.1,2700.32,429755,0.006283394,815.6,29.64596273,30.89981096,23.05450942,7.355875455,4.387843305,1.465424751,4.387843305,1886.608853,90
4,2021,Spring,10.13843641,0.341513889,29.68674699,1.301354464,0.337419,4.171235,7.26,27,43,30,20.6,38902,5.1,2700.32,429755,0.006283394,815.6,29.64596273,30.89981096,23.05450942,7.437990004,3.676366634,1.629698767,3.676366634,739.9564174,77
4,2022,Spring,18.36531107,0.618636696,29.68674699,1.301354464,0.337419,4.171235,7.26,27,43,30,20.6,38902,5.1,2700.32,429755,0.006283394,815.6,29.64596273,30.89981096,23.05450942,7.437990004,3.676366634,1.629698767,3.676366634,452.6775841,41
6,2021,Fall,13.3750382,0.474226828,28.2038835,1.340328002,0.2263591,3.355071,7.63,56,11,33,34,32144,4.35,2343.19,238966,0.009805537,5711.2,26.94405594,32.3551797,32.24636147,7.355875455,3.721513401,1.560389615,3.721513401,231.4829363,56
6,2022,Fall,28.15394544,0.998229391,28.2038835,1.340328002,0.2263591,3.355071,7.63,56,11,33,34,32144,4.35,2343.19,238966,0.009805537,5711.2,26.94405594,32.3551797,32.24636147,7.355875455,3.721513401,1.560389615,3.721513401,1109.941304,73
6,2021,Spring,10.13843641,0.359469518,28.2038835,1.340328002,0.2263591,3.355071,7.63,56,11,33,34,32144,4.35,2343.19,238966,0.009805537,5711.2,26.94405594,32.3551797,32.24636147,7.437990004,3.887720612,1.556520277,3.887720612,633.4851079,70
6,2022,Spring,28.04190275,0.994256793,28.2038835,1.340328002,0.2263591,3.355071,7.63,56,11,33,34,32144,4.35,2343.19,238966,0.009805537,5711.2,26.94405594,32.3551797,32.24636147,7.437990004,3.887720612,1.556520277,3.887720612,545.1069057,62
7,2021,Fall,13.97025902,0.477201917,29.27536232,1.409713027,0.2241867,3.28027,7.43,33,49,18,4.21,63718,7.71,1847.34,172324,0.010720155,763.4,4.107692308,3.509389671,2.402173913,7.355875455,3.969554816,1.439978291,3.969554816,513.6902838,60
7,2022,Fall,22.64705315,0.773587459,29.27536232,1.409713027,0.2241867,3.28027,7.43,33,49,18,4.21,63718,7.71,1847.34,172324,0.010720155,763.4,4.107692308,3.509389671,2.402173913,7.355875455,3.969554816,1.439978291,3.969554816,862.888724,58
7,2021,Spring,17.85795651,0.609999505,29.27536232,1.409713027,0.2241867,3.28027,7.43,33,49,18,4.21,63718,7.71,1847.34,172324,0.010720155,763.4,4.107692308,3.509389671,2.402173913,7.437990004,4.265430346,1.456366368,4.265430346,903.911091,88
7,2022,Spring,28.04190275,0.957866975,29.27536232,1.409713027,0.2241867,3.28027,7.43,33,49,18,4.21,63718,7.71,1847.34,172324,0.010720155,763.4,4.107692308,3.509389671,2.402173913,7.437990004,4.265430346,1.456366368,4.265430346,609.4413856,67
8,2021,Fall,20.20781348,0.735426237,27.47768906,1.481944586,0.3308593,3.768868,6.9,37,44,19,16.1,48350,4.43,504,14140,0.035643564,9748.4,29.97297297,37.06060606,44.12625801,7.355875455,4.133040894,1.507245386,4.133040894,487.9791931,66
8,2022,Fall,22.9401695,0.834865314,27.47768906,1.481944586,0.3308593,3.768868,6.9,37,44,19,16.1,48350,4.43,504,14140,0.035643564,9748.4,29.97297297,37.06060606,44.12625801,7.355875455,4.133040894,1.507245386,4.133040894,815.0796344,58
8,2021,Spring,24.00459317,0.873603057,27.47768906,1.481944586,0.3308593,3.768868,6.9,37,44,19,16.1,48350,4.43,504,14140,0.035643564,9748.4,29.97297297,37.06060606,44.12625801,7.437990004,3.884423881,1.595108173,3.884423881,568.7347553,53
8,2022,Spring,22.73450306,0.827380462,27.47768906,1.481944586,0.3308593,3.768868,6.9,37,44,19,16.1,48350,4.43,504,14140,0.035643564,9748.4,29.97297297,37.06060606,44.12625801,7.437990004,3.884423881,1.595108173,3.884423881,327.2194528,56
10,2021,Fall,2.238077001,0.08145465,27.4763564,1.177986718,0.2104639,3.611562,7.59,59,22,19,42.8,15061,1.39,1689.57,106234.92,0.015904093,1751.5,57.00943396,60.53351955,65.67829706,7.355875455,3.919970953,1.617236263,3.919970953,204.6404346,51
10,2022,Fall,15.55205492,0.566015912,27.4763564,1.177986718,0.2104639,3.611562,7.59,59,22,19,42.8,15061,1.39,1689.57,106234.92,0.015904093,1751.5,57.00943396,60.53351955,65.67829706,7.355875455,3.919970953,1.617236263,3.919970953,356.6532727,53
10,2021,Spring,10.60760614,0.386063057,27.4763564,1.177986718,0.2104639,3.611562,7.59,59,22,19,42.8,15061,1.39,1689.57,106234.92,0.015904093,1751.5,57.00943396,60.53351955,65.67829706,7.437990004,3.296084589,1.42951385,3.296084589,1130.763116,52
10,2022,Spring,12.19755256,0.443929041,27.4763564,1.177986718,0.2104639,3.611562,7.59,59,22,19,42.8,15061,1.39,1689.57,106234.92,0.015904093,1751.5,57.00943396,60.53351955,65.67829706,7.437990004,3.296084589,1.42951385,3.296084589,695.7642042,79
11,2021,Fall,14.01994066,0.518149555,27.0577105,1.254576371,0.2361325,2.962252,7.55,35,43,22,60.3,21667,2.95,485.81,10236.38,0.04745916,11371,46.625,43.91503268,54.69810448,7.355875455,2.925438437,1.95199439,2.925438437,1333.692618,40
11,2022,Fall,18.68332368,0.690499061,27.0577105,1.254576371,0.2361325,2.962252,7.55,35,43,22,60.3,21667,2.95,485.81,10236.38,0.04745916,11371,46.625,43.91503268,54.69810448,7.355875455,2.925438437,1.95199439,2.925438437,1200.583108,49
11,2021,Spring,8.381648426,0.309769314,27.0577105,1.254576371,0.2361325,2.962252,7.55,35,43,22,60.3,21667,2.95,485.81,10236.38,0.04745916,11371,46.625,43.91503268,54.69810448,7.437990004,3.080474956,1.72054596,3.080474956,708.6609411,52
11,2022,Spring,19.77892242,0.730990245,27.0577105,1.254576371,0.2361325,2.962252,7.55,35,43,22,60.3,21667,2.95,485.81,10236.38,0.04745916,11371,46.625,43.91503268,54.69810448,7.437990004,3.080474956,1.72054596,3.080474956,1039.763427,54
12,2021,Fall,14.29171129,0.51710465,27.63794773,1.721576827,0.2184955,2.531056,6.9,47,33,20,13.5,33289,11.51,1178.93,69175.62,0.017042565,790.6,0.1375,0.270758123,4.403000698,7.355875455,4.480954064,1.504512146,4.480954064,502.9203992,68
12,2022,Fall,14.65268476,0.530165441,27.63794773,1.721576827,0.2184955,2.531056,6.9,47,33,20,13.5,33289,11.51,1178.93,69175.62,0.017042565,790.6,0.1375,0.270758123,4.403000698,7.355875455,4.480954064,1.504512146,4.480954064,595.924771,81
12,2021,Spring,19.61758847,0.709806266,27.63794773,1.721576827,0.2184955,2.531056,6.9,47,33,20,13.5,33289,11.51,1178.93,69175.62,0.017042565,790.6,0.1375,0.270758123,4.403000698,7.437990004,3.836374641,1.715589411,3.836374641,566.5598941,45
12,2022,Spring,19.77892242,0.715643673,27.63794773,1.721576827,0.2184955,2.531056,6.9,47,33,20,13.5,33289,11.51,1178.93,69175.62,0.017042565,790.6,0.1375,0.270758123,4.403000698,7.437990004,3.836374641,1.715589411,3.836374641,330.9173512,47
13,2021,Fall,13.14746074,0.493375764,26.64796634,1.817792172,0.2246687,3.073068,7.18,34,46,20,2.6,91788,10.03,1388.39,57723.13,0.024052576,2166.6,11.06382979,9.716463415,9.882751938,7.355875455,3.94671999,1.62253398,3.94671999,800.1395456,97
13,2022,Fall,18.6337585,0.699256306,26.64796634,1.817792172,0.2246687,3.073068,7.18,34,46,20,2.6,91788,10.03,1388.39,57723.13,0.024052576,2166.6,11.06382979,9.716463415,9.882751938,7.355875455,3.94671999,1.62253398,3.94671999,1061.584545,48
13,2021,Spring,8.054152328,0.302242664,26.64796634,1.817792172,0.2246687,3.073068,7.18,34,46,20,2.6,91788,10.03,1388.39,57723.13,0.024052576,2166.6,11.06382979,9.716463415,9.882751938,7.437990004,3.856305199,1.683168954,3.856305199,656.2160728,65
13,2022,Spring,15.99807392,0.600348774,26.64796634,1.817792172,0.2246687,3.073068,7.18,34,46,20,2.6,91788,10.03,1388.39,57723.13,0.024052576,2166.6,11.06382979,9.716463415,9.882751938,7.437990004,3.856305199,1.683168954,3.856305199,278.9713017,42
14,2021,Fall,5.319773693,0.199491513,26.66666667,1.362140745,0.2573585,3.403722,7.26,40,40,20,42.8,15571,0.82,781.53,15486.31,0.050465863,2858.3,54.03773585,59.92647059,66.61716318,7.355875455,2.583332003,1.847908074,2.583332003,734.4081213,65
14,2022,Fall,11.3439982,0.425399932,26.66666667,1.362140745,0.2573585,3.403722,7.26,40,40,20,42.8,15571,0.82,781.53,15486.31,0.050465863,2858.3,54.03773585,59.92647059,66.61716318,7.355875455,2.583332003,1.847908074,2.583332003,0,0
14,2021,Spring,19.86386325,0.744894872,26.66666667,1.362140745,0.2573585,3.403722,7.26,40,40,20,42.8,15571,0.82,781.53,15486.31,0.050465863,2858.3,54.03773585,59.92647059,66.61716318,7.437990004,3.839321657,1.507360132,3.839321657,797.7093524,61
14,2022,Spring,17.29596506,0.64859869,26.66666667,1.362140745,0.2573585,3.403722,7.26,40,40,20,42.8,15571,0.82,781.53,15486.31,0.050465863,2858.3,54.03773585,59.92647059,66.61716318,7.437990004,3.839321657,1.507360132,3.839321657,670.057536,89
15,2021,Fall,7.486421826,0.283732604,26.38548308,1.470320129,0.148818,1.954458,6.24,46,37,17,3.43,55750,2.68,1114.29,45001.72,0.024761054,4318.7,16.62222222,14.21656051,25.28542673,7.355875455,3.749165167,1.524605572,3.749165167,563.9106174,73
15,2022,Fall,16.17027683,0.612847481,26.38548308,1.470320129,0.148818,1.954458,6.24,46,37,17,3.43,55750,2.68,1114.29,45001.72,0.024761054,4318.7,16.62222222,14.21656051,25.28542673,7.355875455,3.749165167,1.524605572,3.749165167,1875.458351,79
15,2021,Spring,15.82311133,0.599690037,26.38548308,1.470320129,0.148818,1.954458,6.24,46,37,17,3.43,55750,2.68,1114.29,45001.72,0.024761054,4318.7,16.62222222,14.21656051,25.28542673,7.437990004,3.88042462,1.501899232,3.88042462,444.0691559,51
15,2022,Spring,16.54937194,0.627215044,26.38548308,1.470320129,0.148818,1.954458,6.24,46,37,17,3.43,55750,2.68,1114.29,45001.72,0.024761054,4318.7,16.62222222,14.21656051,25.28542673,7.437990004,3.88042462,1.501899232,3.88042462,305.4586822,54
16,2021,Fall,13.90454305,0.515466762,26.97466468,1.398721544,0.2145617,3.068827,6.04,40,42,18,50.8,13514,2.18,691.27,28951.95,0.023876457,8557.9,52.23529412,61.35025381,58.64546226,7.355875455,3.857107108,1.443015411,3.857107108,2041.026826,135
16,2022,Fall,19.62900867,0.727683139,26.97466468,1.398721544,0.2145617,3.068827,6.04,40,42,18,50.8,13514,2.18,691.27,28951.95,0.023876457,8557.9,52.23529412,61.35025381,58.64546226,7.355875455,3.857107108,1.443015411,3.857107108,1200.241075,68
16,2021,Spring,17.98774434,0.666838478,26.97466468,1.398721544,0.2145617,3.068827,6.04,40,42,18,50.8,13514,2.18,691.27,28951.95,0.023876457,8557.9,52.23529412,61.35025381,58.64546226,7.437990004,3.871671537,1.418164591,3.871671537,2441.704267,89
16,2022,Spring,14.99344828,0.555834464,26.97466468,1.398721544,0.2145617,3.068827,6.04,40,42,18,50.8,13514,2.18,691.27,28951.95,0.023876457,8557.9,52.23529412,61.35025381,58.64546226,7.437990004,3.871671537,1.418164591,3.871671537,552.0266533,77
18,2021,Fall,7.391857108,0.276853689,26.69950739,1.58470001,0.147487,1.97459,6.57,63,23,14,9.15,91788,7.19,1090.02,31758.9,0.034321718,1122.1,21.34482759,16.72767857,6.890831391,7.355875455,3.468663758,1.655372706,3.468663758,680.9832593,70
18,2022,Fall,15.17251996,0.568269659,26.69950739,1.58470001,0.147487,1.97459,6.57,63,23,14,9.15,91788,7.19,1090.02,31758.9,0.034321718,1122.1,21.34482759,16.72767857,6.890831391,7.355875455,3.468663758,1.655372706,3.468663758,1270.563302,43
18,2021,Spring,8.583787462,0.321496099,26.69950739,1.58470001,0.147487,1.97459,6.57,63,23,14,9.15,91788,7.19,1090.02,31758.9,0.034321718,1122.1,21.34482759,16.72767857,6.890831391,7.437990004,3.955104298,1.459443298,3.955104298,451.2432565,75
18,2022,Spring,14.94884239,0.559892067,26.69950739,1.58470001,0.147487,1.97459,6.57,63,23,14,9.15,91788,7.19,1090.02,31758.9,0.034321718,1122.1,21.34482759,16.72767857,6.890831391,7.437990004,3.955104298,1.459443298,3.955104298,707.4667123,60
19,2021,Fall,20.20953429,0.690677491,29.26045016,1.635282196,0.2519693,3.760313,7.41,46,36,18,5.66,31839,11.95,1096.54,78971.22,0.013885312,4170.9,17.76623377,20.26523297,18.12318069,7.355875455,3.141549267,1.767216512,3.141549267,274.7883142,38
19,2022,Fall,28.90771775,0.987945079,29.26045016,1.635282196,0.2519693,3.760313,7.41,46,36,18,5.66,31839,11.95,1096.54,78971.22,0.013885312,4170.9,17.76623377,20.26523297,18.12318069,7.355875455,3.141549267,1.767216512,3.141549267,850.1208601,40
19,2021,Spring,17.43985769,0.59602151,29.26045016,1.635282196,0.2519693,3.760313,7.41,46,36,18,5.66,31839,11.95,1096.54,78971.22,0.013885312,4170.9,17.76623377,20.26523297,18.12318069,7.437990004,2.498791583,2.125528654,2.498791583,289.1642956,32
19,2022,Spring,23.63286329,0.807672581,29.26045016,1.635282196,0.2519693,3.760313,7.41,46,36,18,5.66,31839,11.95,1096.54,78971.22,0.013885312,4170.9,17.76623377,20.26523297,18.12318069,7.437990004,2.498791583,2.125528654,2.498791583,406.7002534,19
20,2021,Spring,14.52648903,0.479191415,30.31458532,1.701364364,0.3610481,4.509291,7.59,51,29,20,7.2,73475,12.21,2084.56,159498.8,0.01306944,1784.9,15.42063492,11.91037736,8.98716486,7.437990004,4.478937258,1.641871607,4.478937258,853.430032,128
20,2022,Spring,22.7177842,0.74940112,30.31458532,1.701364364,0.3610481,4.509291,7.59,51,29,20,7.2,73475,12.21,2084.56,159498.8,0.01306944,1784.9,15.42063492,11.91037736,8.98716486,7.437990004,4.478937258,1.641871607,4.478937258,194.1892851,57
22,2021,Fall,15.07772999,0.548669254,27.48054475,1.437385223,0.3018305,4.059877,6.17,32,46,22,49.7,34565,3.43,854.27,40908.84,0.020882284,2460.1,30.421875,31.62015504,42.93470919,7.355875455,4.146163852,1.510224455,4.146163852,532.9135013,71
22,2022,Fall,16.62805808,0.605084733,27.48054475,1.437385223,0.3018305,4.059877,6.17,32,46,22,49.7,34565,3.43,854.27,40908.84,0.020882284,2460.1,30.421875,31.62015504,42.93470919,7.355875455,4.146163852,1.510224455,4.146163852,796.5736203,60
22,2021,Spring,16.442983,0.598349965,27.48054475,1.437385223,0.3018305,4.059877,6.17,32,46,22,49.7,34565,3.43,854.27,40908.84,0.020882284,2460.1,30.421875,31.62015504,42.93470919,7.437990004,3.431280378,1.479315324,3.431280378,681.4801467,54
22,2022,Spring,15.68806904,0.570879114,27.48054475,1.437385223,0.3018305,4.059877,6.17,32,46,22,49.7,34565,3.43,854.27,40908.84,0.020882284,2460.1,30.421875,31.62015504,42.93470919,7.437990004,3.431280378,1.479315324,3.431280378,363.9534015,58
23,2021,Fall,18.16816718,0.645272738,28.1557954,1.739279139,0.3378966,4.988034,6.91,55,26,19,5.63,114359,17.93,385.84,8822.21,0.043735073,186.5,4.785714286,2.613138686,0.626185958,7.355875455,3.903172233,1.547769329,3.903172233,982.0162388,85
23,2022,Fall,14.9201605,0.529914367,28.1557954,1.739279139,0.3378966,4.988034,6.91,55,26,19,5.63,114359,17.93,385.84,8822.21,0.043735073,186.5,4.785714286,2.613138686,0.626185958,7.355875455,3.903172233,1.547769329,3.903172233,1454.62951,71
23,2021,Spring,13.99133641,0.496925632,28.1557954,1.739279139,0.3378966,4.988034,6.91,55,26,19,5.63,114359,17.93,385.84,8822.21,0.043735073,186.5,4.785714286,2.613138686,0.626185958,7.437990004,3.87106603,1.455077859,3.87106603,1207.63555,80
23,2022,Spring,18.92631316,0.672199556,28.1557954,1.739279139,0.3378966,4.988034,6.91,55,26,19,5.63,114359,17.93,385.84,8822.21,0.043735073,186.5,4.785714286,2.613138686,0.626185958,7.437990004,3.87106603,1.455077859,3.87106603,381.6016666,73
24,2021,Fall,14.29405783,0.514192442,27.79904306,1.438835142,0.5472242,11.45938,7.42,47,32,20,5.63,114359,19.55,125.74,853.69,0.14729,182,2.797301287,2.413138686,0.32887411,7.355875455,3.994945382,1.492795019,3.994945382,1492.724713,128
24,2022,Fall,22.41592037,0.806355827,27.79904306,1.438835142,0.5472242,11.45938,7.42,47,32,20,5.63,114359,19.55,125.74,853.69,0.14729,182,2.797301287,2.413138686,0.32887411,7.355875455,3.994945382,1.492795019,3.994945382,3506.92603,138
24,2021,Spring,10.90732668,0.392363387,27.79904306,1.438835142,0.5472242,11.45938,7.42,47,32,20,5.63,114359,19.55,125.74,853.69,0.14729,182,2.797301287,2.413138686,0.32887411,7.437990004,4.372197103,1.434570925,4.372197103,803.5187358,89
24,2022,Spring,20.31670099,0.73084174,27.79904306,1.438835142,0.5472242,11.45938,7.42,47,32,20,5.63,114359,19.55,125.74,853.69,0.14729,182,2.797301287,2.413138686,0.32887411,7.437990004,4.372197103,1.434570925,4.372197103,1228.421023,125
25,2021,Fall,2.161530132,0.083061046,26.02339181,1.50035014,0.267199,3.687376,7.72,62,20,18,38.9,23456,0.53,312.62,3796.36,0.082347301,5006.9,72.23809524,78.47126437,77.24725997,7.355875455,3.444538441,1.628270366,3.444538441,44.5892876,29
25,2022,Fall,13.19887642,0.507192779,26.02339181,1.50035014,0.267199,3.687376,7.72,62,20,18,38.9,23456,0.53,312.62,3796.36,0.082347301,5006.9,72.23809524,78.47126437,77.24725997,7.355875455,3.444538441,1.628270366,3.444538441,151.1112245,36
25,2021,Spring,16.42577237,0.631192601,26.02339181,1.50035014,0.267199,3.687376,7.72,62,20,18,38.9,23456,0.53,312.62,3796.36,0.082347301,5006.9,72.23809524,78.47126437,77.24725997,7.437990004,3.233763236,1.39331477,3.233763236,464.1171737,43
25,2022,Spring,14.84802032,0.570564376,26.02339181,1.50035014,0.267199,3.687376,7.72,62,20,18,38.9,23456,0.53,312.62,3796.36,0.082347301,5006.9,72.23809524,78.47126437,77.24725997,7.437990004,3.233763236,1.39331477,3.233763236,95.18103179,36
26,2021,Fall,11.27286532,0.388517984,29.01504124,1.911341695,0.219396,2.892544,7.56,60,24,16,12.3,32325,15.11,1739.39,176392.6,0.009860901,2612.1,27.68382353,28.43171806,29.13812003,7.355875455,4.061823899,1.507651302,4.061823899,183.3084359,50
26,2022,Fall,13.39361533,0.461609385,29.01504124,1.911341695,0.219396,2.892544,7.56,60,24,16,12.3,32325,15.11,1739.39,176392.6,0.009860901,2612.1,27.68382353,28.43171806,29.13812003,7.355875455,4.061823899,1.507651302,4.061823899,268.2379072,35
26,2021,Spring,11.06920442,0.381498835,29.01504124,1.911341695,0.219396,2.892544,7.56,60,24,16,12.3,32325,15.11,1739.39,176392.6,0.009860901,2612.1,27.68382353,28.43171806,29.13812003,7.437990004,3.755913692,1.664492794,3.755913692,266.2209399,55
26,2022,Spring,16.31036795,0.562134922,29.01504124,1.911341695,0.219396,2.892544,7.56,60,24,16,12.3,32325,15.11,1739.39,176392.6,0.009860901,2612.1,27.68382353,28.43171806,29.13812003,7.437990004,3.755913692,1.664492794,3.755913692,278.7299286,38
27,2021,Fall,16.01484055,0.594633028,26.93230917,1.402651931,0.2751077,3.968549,7.7,34,46,20,20.3,23267,11.38,690.7,14608.35,0.047281178,4001.2,35.47826087,37.81052632,22.50426257,7.355875455,3.821024369,1.511455006,3.821024369,378.1209678,73
27,2022,Fall,21.74415455,0.807363172,26.93230917,1.402651931,0.2751077,3.968549,7.7,34,46,20,20.3,23267,11.38,690.7,14608.35,0.047281178,4001.2,35.47826087,37.81052632,22.50426257,7.355875455,3.821024369,1.511455006,3.821024369,762.6731236,45
27,2021,Spring,15.21142623,0.564802154,26.93230917,1.402651931,0.2751077,3.968549,7.7,34,46,20,20.3,23267,11.38,690.7,14608.35,0.047281178,4001.2,35.47826087,37.81052632,22.50426257,7.437990004,4.153016955,1.518924072,4.153016955,626.428654,56
27,2022,Spring,16.00625618,0.594314289,26.93230917,1.402651931,0.2751077,3.968549,7.7,34,46,20,20.3,23267,11.38,690.7,14608.35,0.047281178,4001.2,35.47826087,37.81052632,22.50426257,7.437990004,4.153016955,1.518924072,4.153016955,683.1648728,76
28,2021,Fall,11.0974064,0.41254765,26.89969605,1.898040621,0.4439026,4.674928,7.22,37,40,23,5.66,42097,13.68,1090.66,58401.74,0.018675129,3186.5,29.47368421,29.38167939,22.34540702,7.355875455,3.179636008,1.739705198,3.179636008,1233.190574,60
28,2022,Fall,18.16522591,0.675294839,26.89969605,1.898040621,0.4439026,4.674928,7.22,37,40,23,5.66,42097,13.68,1090.66,58401.74,0.018675129,3186.5,29.47368421,29.38167939,22.34540702,7.355875455,3.179636008,1.739705198,3.179636008,2481.424952,54
28,2021,Spring,9.983332108,0.371131781,26.89969605,1.898040621,0.4439026,4.674928,7.22,37,40,23,5.66,42097,13.68,1090.66,58401.74,0.018675129,3186.5,29.47368421,29.38167939,22.34540702,7.437990004,4.158042782,1.498014979,4.158042782,606.7248758,84
28,2022,Spring,11.97762459,0.445269886,26.89969605,1.898040621,0.4439026,4.674928,7.22,37,40,23,5.66,42097,13.68,1090.66,58401.74,0.018675129,3186.5,29.47368421,29.38167939,22.34540702,7.437990004,4.158042782,1.498014979,4.158042782,612.8411619,71
29,2021,Fall,3.746549151,0.14285088,26.22699387,1.472919419,0.2923104,6.204495,7.32,55,27,18,13.3,33954,0.88,290.12,1933.28,0.150066209,9888.5,24.24444444,29.25304878,26.21267419,7.355875455,4.381872313,1.687467361,4.381872313,301.4200771,52
29,2022,Fall,13.89624163,0.529845002,26.22699387,1.472919419,0.2923104,6.204495,7.32,55,27,18,13.3,33954,0.88,290.12,1933.28,0.150066209,9888.5,24.24444444,29.25304878,26.21267419,7.355875455,4.381872313,1.687467361,4.381872313,672.4806293,123
29,2021,Spring,15.58002032,0.594045219,26.22699387,1.472919419,0.2923104,6.204495,7.32,55,27,18,13.3,33954,0.88,290.12,1933.28,0.150066209,9888.5,24.24444444,29.25304878,26.21267419,7.437990004,3.80789901,1.450201433,3.80789901,662.3750899,64
29,2022,Spring,16.0137273,0.610581883,26.22699387,1.472919419,0.2923104,6.204495,7.32,55,27,18,13.3,33954,0.88,290.12,1933.28,0.150066209,9888.5,24.24444444,29.25304878,26.21267419,7.437990004,3.80789901,1.450201433,3.80789901,327.150286,78
30,2021,Fall,3.253499117,0.130268561,24.97532083,1.523123021,0.2854837,4.962766,7.32,42,33,25,15.8,25763,1,148.27,500.68,0.296137253,9888.5,60.61111111,58.99009901,59.11813046,7.355875455,3.249344716,1.734252608,3.249344716,759.1128809,82
30,2022,Fall,14.79590532,0.592421031,24.97532083,1.523123021,0.2854837,4.962766,7.32,42,33,25,15.8,25763,1,148.27,500.68,0.296137253,9888.5,60.61111111,58.99009901,59.11813046,7.355875455,3.249344716,1.734252608,3.249344716,1839.369028,71
30,2021,Spring,12.8228966,0.513422698,24.97532083,1.523123021,0.2854837,4.962766,7.32,42,33,25,15.8,25763,1,148.27,500.68,0.296137253,9888.5,60.61111111,58.99009901,59.11813046,7.437990004,3.578951279,1.624825225,3.578951279,1558.990653,71
30,2022,Spring,14.68213337,0.587865656,24.97532083,1.523123021,0.2854837,4.962766,7.32,42,33,25,15.8,25763,1,148.27,500.68,0.296137253,9888.5,60.61111111,58.99009901,59.11813046,7.437990004,3.578951279,1.624825225,3.578951279,766.4082028,70
31,2021,Fall,3.453744523,0.131122969,26.33973711,1.350728696,0.3367073,4.37753,7.53,48,28,24,38.9,30952,0.48,343.65,4489.14,0.076551411,5006.9,51.31578947,40.50485437,55.1116208,7.355875455,3.332657334,1.739003669,3.332657334,374.1323389,102
31,2022,Fall,14.33116626,0.544089191,26.33973711,1.350728696,0.3367073,4.37753,7.53,48,28,24,38.9,30952,0.48,343.65,4489.14,0.076551411,5006.9,51.31578947,40.50485437,55.1116208,7.355875455,3.332657334,1.739003669,3.332657334,705.3815636,41
31,2021,Spring,12.94056823,0.49129451,26.33973711,1.350728696,0.3367073,4.37753,7.53,48,28,24,38.9,30952,0.48,343.65,4489.14,0.076551411,5006.9,51.31578947,40.50485437,55.1116208,7.437990004,3.847263436,1.704910608,3.847263436,847.1676882,53
31,2022,Spring,12.64808383,0.480190208,26.33973711,1.350728696,0.3367073,4.37753,7.53,48,28,24,38.9,30952,0.48,343.65,4489.14,0.076551411,5006.9,51.31578947,40.50485437,55.1116208,7.437990004,3.847263436,1.704910608,3.847263436,425.6994342,79
32,2021,Fall,8.206292007,0.312378775,26.2703252,1.536658238,0.2641949,3.685542,7.4,52,24,24,2.6,91788,11.06,2084.53,266423.62,0.007824119,508.1,77.76666667,74.62121212,70.12076583,7.355875455,3.453254788,1.605360132,3.453254788,527.5288809,64
32,2022,Fall,16.10361938,0.612996575,26.2703252,1.536658238,0.2641949,3.685542,7.4,52,24,24,2.6,91788,11.06,2084.53,266423.62,0.007824119,508.1,77.76666667,74.62121212,70.12076583,7.355875455,3.453254788,1.605360132,3.453254788,849.8742616,61
32,2021,Spring,7.636959939,0.290706715,26.2703252,1.536658238,0.2641949,3.685542,7.4,52,24,24,2.6,91788,11.06,2084.53,266423.62,0.007824119,508.1,77.76666667,74.62121212,70.12076583,7.437990004,3.768340408,1.52562926,3.768340408,325.8983371,54
32,2022,Spring,14.09351409,0.536480382,26.2703252,1.536658238,0.2641949,3.685542,7.4,52,24,24,2.6,91788,11.06,2084.53,266423.62,0.007824119,508.1,77.76666667,74.62121212,70.12076583,7.437990004,3.768340408,1.52562926,3.768340408,227.1086893,41
33,2021,Fall,15.12306511,0.588708792,25.6885328,1.259417521,0.2808342,3.984343,7.48,12,64,24,2.55,36002,10.79,214.33,2750.8,0.077915515,5641.9,4.37398374,4.7,5.734472934,7.355875455,4.026285271,1.463935226,4.026285271,1841.825037,108
33,2022,Fall,23.45152251,0.912917943,25.6885328,1.259417521,0.2808342,3.984343,7.48,12,64,24,2.55,36002,10.79,214.33,2750.8,0.077915515,5641.9,4.37398374,4.7,5.734472934,7.355875455,4.026285271,1.463935226,4.026285271,1380.765145,64
33,2021,Spring,17.32981745,0.674612972,25.6885328,1.259417521,0.2808342,3.984343,7.48,12,64,24,2.55,36002,10.79,214.33,2750.8,0.077915515,5641.9,4.37398374,4.7,5.734472934,7.437990004,4.167191525,1.467303145,4.167191525,1353.361665,75
33,2022,Spring,14.03560548,0.546376299,25.6885328,1.259417521,0.2808342,3.984343,7.48,12,64,24,2.55,36002,10.79,214.33,2750.8,0.077915515,5641.9,4.37398374,4.7,5.734472934,7.437990004,4.167191525,1.467303145,4.167191525,1164.294906,88
34,2021,Fall,16.99945039,0.584848641,29.06641001,1.310616482,0.2860944,4.240565,7.79,28,50,22,2.55,36002,10.81,82.98,370.52,0.223955522,5641.9,38.61904762,30.74336283,23.03307009,7.355875455,4.024461671,1.51809619,4.024461671,847.4837824,75
34,2022,Fall,22.61024585,0.777882299,29.06641001,1.310616482,0.2860944,4.240565,7.79,28,50,22,2.55,36002,10.81,82.98,370.52,0.223955522,5641.9,38.61904762,30.74336283,23.03307009,7.355875455,4.024461671,1.51809619,4.024461671,1585.1565,69
34,2021,Spring,20.80984924,0.715941502,29.06641001,1.310616482,0.2860944,4.240565,7.79,28,50,22,2.55,36002,10.81,82.98,370.52,0.223955522,5641.9,38.61904762,30.74336283,23.03307009,7.437990004,3.779958233,1.624656643,3.779958233,558.7454432,68
34,2022,Spring,18.56958203,0.638867408,29.06641001,1.310616482,0.2860944,4.240565,7.79,28,50,22,2.55,36002,10.81,82.98,370.52,0.223955522,5641.9,38.61904762,30.74336283,23.03307009,7.437990004,3.779958233,1.624656643,3.779958233,872.4835528,77
35,2021,Fall,15.55499799,0.552976106,28.12960236,1.570855667,0.2174456,4.069806,7.63,51,33,16,7.82,42097,11.4,1316.24,42213.2,0.031180768,4170.9,1.175,15.92134831,23.78917749,7.355875455,4.059427287,1.49006388,4.059427287,660.0941732,79
35,2022,Fall,21.22777068,0.754641691,28.12960236,1.570855667,0.2174456,4.069806,7.63,51,33,16,7.82,42097,11.4,1316.24,42213.2,0.031180768,4170.9,1.175,15.92134831,23.78917749,7.355875455,4.059427287,1.49006388,4.059427287,528.7290806,59
35,2021,Spring,14.3710279,0.51088628,28.12960236,1.570855667,0.2174456,4.069806,7.63,51,33,16,7.82,42097,11.4,1316.24,42213.2,0.031180768,4170.9,1.175,15.92134831,23.78917749,7.437990004,3.415538837,1.567446602,3.415538837,347.6382979,43
35,2022,Spring,18.84290241,0.669860248,28.12960236,1.570855667,0.2174456,4.069806,7.63,51,33,16,7.82,42097,11.4,1316.24,42213.2,0.031180768,4170.9,1.175,15.92134831,23.78917749,7.437990004,3.415538837,1.567446602,3.415538837,716.1746557,58
36,2021,Fall,15.76270615,0.580731279,27.14285714,1.63236154,0.1706944,2.72644,7.58,28,45,27,2.86,96458,19.65,683.94,22398.07,0.030535667,116.8,1.088888889,0.590673575,0.873831776,7.355875455,4.792143895,1.505067296,4.792143895,578.6546817,95
36,2022,Fall,17.332745,0.638574816,27.14285714,1.63236154,0.1706944,2.72644,7.58,28,45,27,2.86,96458,19.65,683.94,22398.07,0.030535667,116.8,1.088888889,0.590673575,0.873831776,7.355875455,4.792143895,1.505067296,4.792143895,1764.696011,156
36,2021,Spring,18.55556522,0.683626087,27.14285714,1.63236154,0.1706944,2.72644,7.58,28,45,27,2.86,96458,19.65,683.94,22398.07,0.030535667,116.8,1.088888889,0.590673575,0.873831776,7.437990004,4.062149561,1.521252481,4.062149561,631.207421,74
36,2022,Spring,16.31036795,0.600908293,27.14285714,1.63236154,0.1706944,2.72644,7.58,28,45,27,2.86,96458,19.65,683.94,22398.07,0.030535667,116.8,1.088888889,0.590673575,0.873831776,7.437990004,4.062149561,1.521252481,4.062149561,1041.837321,75
37,2021,Fall,5.916923181,0.20918725,28.28529555,1.381359925,0.2205,3.669049,7.38,41,39,20,45.3,16838,1.56,268.41,4193.05,0.064013069,5883.5,49.56,56.04201681,59.21285141,7.355875455,3.921466646,1.507640217,3.921466646,477.9478871,72
37,2022,Fall,16.92995479,0.598542616,28.28529555,1.381359925,0.2205,3.669049,7.38,41,39,20,45.3,16838,1.56,268.41,4193.05,0.064013069,5883.5,49.56,56.04201681,59.21285141,7.355875455,3.921466646,1.507640217,3.921466646,742.5215363,57
37,2021,Spring,17.2135072,0.608567344,28.28529555,1.381359925,0.2205,3.669049,7.38,41,39,20,45.3,16838,1.56,268.41,4193.05,0.064013069,5883.5,49.56,56.04201681,59.21285141,7.437990004,4.141686234,1.496480413,4.141686234,616.8480605,54
37,2022,Spring,16.00625618,0.565886121,28.28529555,1.381359925,0.2205,3.669049,7.38,41,39,20,45.3,16838,1.56,268.41,4193.05,0.064013069,5883.5,49.56,56.04201681,59.21285141,7.437990004,4.141686234,1.496480413,4.141686234,635.8322932,77
38,2021,Fall,18.31457674,0.732941476,24.98777506,1.355309413,0.2190793,3.247096,7.32,52,28,20,12.7,35929,8.35,162.25,153345,0.001058072,2702.3,18.83050847,21.39646465,18.67439061,7.355875455,3.953361767,1.53901885,3.953361767,1440.070944,119
38,2022,Fall,22.745989,0.910284687,24.98777506,1.355309413,0.2190793,3.247096,7.32,52,28,20,12.7,35929,8.35,162.25,153345,0.001058072,2702.3,18.83050847,21.39646465,18.67439061,7.355875455,3.953361767,1.53901885,3.953361767,1978.653261,112
38,2021,Spring,13.58669999,0.543733884,24.98777506,1.355309413,0.2190793,3.247096,7.32,52,28,20,12.7,35929,8.35,162.25,153345,0.001058072,2702.3,18.83050847,21.39646465,18.67439061,7.437990004,4.041555665,1.536290473,4.041555665,652.8333126,56
38,2022,Spring,15.57386071,0.623259201,24.98777506,1.355309413,0.2190793,3.247096,7.32,52,28,20,12.7,35929,8.35,162.25,153345,0.001058072,2702.3,18.83050847,21.39646465,18.67439061,7.437990004,4.041555665,1.536290473,4.041555665,993.8327551,111
39,2021,Fall,14.93070171,0.508218116,29.37853107,1.517102594,0.2264302,3.215303,6.4,36,39,25,7.2,73475,10.05,2249.25,233616,0.009627979,838.2,21.19708029,30.0751073,22.29560765,7.355875455,4.119858264,1.654694604,4.119858264,868.9804689,119
39,2022,Fall,22.58295191,0.76868894,29.37853107,1.517102594,0.2264302,3.215303,6.4,36,39,25,7.2,73475,10.05,2249.25,233616,0.009627979,838.2,21.19708029,30.0751073,22.29560765,7.355875455,4.119858264,1.654694604,4.119858264,650.8661541,47
39,2021,Spring,12.73104856,0.433345307,29.37853107,1.517102594,0.2264302,3.215303,6.4,36,39,25,7.2,73475,10.05,2249.25,233616,0.009627979,838.2,21.19708029,30.0751073,22.29560765,7.437990004,4.093345176,1.557564925,4.093345176,1353.31819,83
39,2022,Spring,20.93757869,0.712682967,29.37853107,1.517102594,0.2264302,3.215303,6.4,36,39,25,7.2,73475,10.05,2249.25,233616,0.009627979,838.2,21.19708029,30.0751073,22.29560765,7.437990004,4.093345176,1.557564925,4.093345176,274.4682947,51
40,2021,Fall,2.411605265,0.088555883,27.23258096,1.187181667,0.2342463,3.673786,7.25,50,27,23,30,20118,0.72,229.54,3285.81,0.069857965,7930.7,65.75,69.32283465,71.97605083,7.355875455,3.640286718,1.629855873,3.640286718,1015.266966,74
40,2022,Fall,14.67756791,0.538970872,27.23258096,1.187181667,0.2342463,3.673786,7.25,50,27,23,30,20118,0.72,229.54,3285.81,0.069857965,7930.7,65.75,69.32283465,71.97605083,7.355875455,3.640286718,1.629855873,3.640286718,1284.986287,63
40,2021,Spring,11.79383417,0.433078091,27.23258096,1.187181667,0.2342463,3.673786,7.25,50,27,23,30,20118,0.72,229.54,3285.81,0.069857965,7930.7,65.75,69.32283465,71.97605083,7.437990004,3.799307923,1.636081424,3.799307923,910.5374935,40
40,2022,Spring,12.85582685,0.472075227,27.23258096,1.187181667,0.2342463,3.673786,7.25,50,27,23,30,20118,0.72,229.54,3285.81,0.069857965,7930.7,65.75,69.32283465,71.97605083,7.437990004,3.799307923,1.636081424,3.799307923,413.2439349,40
41,2021,Fall,2.18135601,0.090988503,23.97397397,1.558475551,0.3236609,5.833558,7.31,45,36,19,38.9,23456,0.37,187.84,2189.72,0.085782657,5006.9,81.1,84.26415094,75.78867331,7.355875455,3.848895872,1.576058366,3.848895872,106.9597937,52
41,2022,Fall,18.55358437,0.773905252,23.97397397,1.558475551,0.3236609,5.833558,7.31,45,36,19,38.9,23456,0.37,187.84,2189.72,0.085782657,5006.9,81.1,84.26415094,75.78867331,7.355875455,3.848895872,1.576058366,3.848895872,187.8816469,43
41,2021,Spring,15.56895874,0.649410847,23.97397397,1.558475551,0.3236609,5.833558,7.31,45,36,19,38.9,23456,0.37,187.84,2189.72,0.085782657,5006.9,81.1,84.26415094,75.78867331,7.437990004,3.812736586,1.489467134,3.812736586,251.4296433,46
41,2022,Spring,14.63923792,0.610630425,23.97397397,1.558475551,0.3236609,5.833558,7.31,45,36,19,38.9,23456,0.37,187.84,2189.72,0.085782657,5006.9,81.1,84.26415094,75.78867331,7.437990004,3.812736586,1.489467134,3.812736586,223.2330352,53
42,2021,Fall,2.466960816,0.087081608,28.32929782,1.494128021,0.2633291,4.498212,7.34,54,26,20,29.6,23456,1.62,521.8,16758.18,0.031137033,9888.5,58.31275241,69.30987122,79.00176201,7.355875455,3.669401985,1.53604197,3.669401985,324.6671022,48
42,2022,Fall,15.8113369,0.558126679,28.32929782,1.494128021,0.2633291,4.498212,7.34,54,26,20,29.6,23456,1.62,521.8,16758.18,0.031137033,9888.5,58.31275241,69.30987122,79.00176201,7.355875455,3.669401985,1.53604197,3.669401985,658.0117882,68
42,2022,Spring,11.01224257,0.388722751,28.32929782,1.494128021,0.2633291,4.498212,7.34,54,26,20,29.6,23456,1.62,521.8,16758.18,0.031137033,9888.5,58.31275241,69.30987122,79.00176201,7.437990004,3.128776138,1.689183181,3.128776138,273.7564203,52
43,2021,Fall,15.22684738,0.565296709,26.93602694,1.381353774,0.2414931,3.080238,7.42,58,25,17,4.1,32325,16.91,2046.86,151638.55,0.013498283,1702.5,15.8907563,20.59950249,20.2360867,7.355875455,3.709985446,1.49026122,3.709985446,305.972539,52
43,2022,Fall,17.20224769,0.638633445,26.93602694,1.381353774,0.2414931,3.080238,7.42,58,25,17,4.1,32325,16.91,2046.86,151638.55,0.013498283,1702.5,15.8907563,20.59950249,20.2360867,7.355875455,3.709985446,1.49026122,3.709985446,746.2486276,56
43,2021,Spring,14.53643464,0.539665136,26.93602694,1.381353774,0.2414931,3.080238,7.42,58,25,17,4.1,32325,16.91,2046.86,151638.55,0.013498283,1702.5,15.8907563,20.59950249,20.2360867,7.437990004,4.016874826,1.577919618,4.016874826,431.6273032,55
43,2022,Spring,20.23687917,0.751294139,26.93602694,1.381353774,0.2414931,3.080238,7.42,58,25,17,4.1,32325,16.91,2046.86,151638.55,0.013498283,1702.5,15.8907563,20.59950249,20.2360867,7.437990004,4.016874826,1.577919618,4.016874826,209.8705585,47
44,2021,Fall,15.5372302,0.559340287,27.77777778,1.572295078,0.2726327,3.264385,6.77,48,32,20,0.68,23456,20.03,1098.52,63198.09,0.017382171,996.6,2.397260274,4.778210117,3.679118416,7.355875455,3.956984807,1.56198926,3.956984807,531.8963779,65
44,2022,Fall,14.99768533,0.539916672,27.77777778,1.572295078,0.2726327,3.264385,6.77,48,32,20,0.68,23456,20.03,1098.52,63198.09,0.017382171,996.6,2.397260274,4.778210117,3.679118416,7.355875455,3.956984807,1.56198926,3.956984807,1185.572658,78
44,2021,Spring,10.29704843,0.370693743,27.77777778,1.572295078,0.2726327,3.264385,6.77,48,32,20,0.68,23456,20.03,1098.52,63198.09,0.017382171,996.6,2.397260274,4.778210117,3.679118416,7.437990004,3.787316708,1.588416554,3.787316708,554.6596389,69
44,2022,Spring,18.68761256,0.672754052,27.77777778,1.572295078,0.2726327,3.264385,6.77,48,32,20,0.68,23456,20.03,1098.52,63198.09,0.017382171,996.6,2.397260274,4.778210117,3.679118416,7.437990004,3.787316708,1.588416554,3.787316708,190.9348035,56