Park,Timepoint,Year,Abundance_per_kg,Richness,BrayCurtis_BetweenPark,Shannon_WholePark,Name,Urban_Kmeans_Cluster,MedianIncome,Municipality,Distance.From.CityCenter(km),Park_Area(m2),Perimeter-Area_ratio,Population_Density_in_Surrounding_Area,Imperviousness_in_500m_boundary,Spring2021_MoisturePercent,Soil_Water_Holding_Capacity,BD_mean,Soil_Nitrogen_Percentage,Soil_Carbon_Percentage,Soil_pH,MedianResidentAge
1,Fall,2021,226.351574,35,0,2.17354469,AqueductPark,High_Urban,23456,City of Rochester,0.22,1769,0.110231769,6439.3,74.8008341999999,20.47690488,26.650831353919248,1.391469432,0.2865956,3.316867,7.62,29.9
1,Fall,2022,0,0,1,0,AqueductPark,High_Urban,23456,City of Rochester,0.22,1769,0.110231769,6439.3,74.8008341999999,20.47690488,26.650831353919248,1.391469432,0.2865956,3.316867,7.62,29.9
1,Spring,2021,241.7872015,22,0.504477555,2.228308391,AqueductPark,High_Urban,23456,City of Rochester,0.22,1769,0.110231769,6439.3,74.8008341999999,20.47690488,26.650831353919248,1.391469432,0.2865956,3.316867,7.62,29.9
1,Spring,2022,152.401203,39,0.370497816,2.437533529,AqueductPark,High_Urban,23456,City of Rochester,0.22,1769,0.110231769,6439.3,74.8008341999999,20.47690488,26.650831353919248,1.391469432,0.2865956,3.316867,7.62,29.9
2,Fall,2021,161.2558165,46,0.472579578,3.005584093,BrowncrowftRoseGardenPark,High_Urban,58341,City of Rochester,5.23,5429,0.060416283,4968.5,27.60877955,22.28445592,27.470355731225293,1.280530592,0.2916181,3.953432,7.17,40.4
2,Fall,2022,166.5876098,41,0.654839068,2.714562434,BrowncrowftRoseGardenPark,High_Urban,58341,City of Rochester,5.23,5429,0.060416283,4968.5,27.60877955,22.28445592,27.470355731225293,1.280530592,0.2916181,3.953432,7.17,40.4
2,Spring,2021,179.4694925,34,0.464785625,2.35156585,BrowncrowftRoseGardenPark,High_Urban,58341,City of Rochester,5.23,5429,0.060416283,4968.5,27.60877955,22.28445592,27.470355731225293,1.280530592,0.2916181,3.953432,7.17,40.4
2,Spring,2022,101.8064328,39,0.825406303,2.886052276,BrowncrowftRoseGardenPark,High_Urban,58341,City of Rochester,5.23,5429,0.060416283,4968.5,27.60877955,22.28445592,27.470355731225293,1.280530592,0.2916181,3.953432,7.17,40.4
3,Fall,2021,101.6364318,28,0.596604863,1.927992325,BrownSquarePark,High_Urban,12977,City of Rochester,1.36,17197,0.031982322,1751.5,66.2523234199999,13.68643826,25.99711677078327,1.479040438,0.2640913,6.319005,7.5,25.6
3,Fall,2022,217.6650053,32,0.600849317,1.805134855,BrownSquarePark,High_Urban,12977,City of Rochester,1.36,17197,0.031982322,1751.5,66.2523234199999,13.68643826,25.99711677078327,1.479040438,0.2640913,6.319005,7.5,25.6
3,Spring,2021,125.9429858,24,0.570089622,2.193922203,BrownSquarePark,High_Urban,12977,City of Rochester,1.36,17197,0.031982322,1751.5,66.2523234199999,13.68643826,25.99711677078327,1.479040438,0.2640913,6.319005,7.5,25.6
3,Spring,2022,104.0651565,38,0.686182074,2.890122836,BrownSquarePark,High_Urban,12977,City of Rochester,1.36,17197,0.031982322,1751.5,66.2523234199999,13.68643826,25.99711677078327,1.479040438,0.2640913,6.319005,7.5,25.6
4,Fall,2021,154.82529,50,0.724286838,3.225727374,BucklandPark,Low_Urban,38902,City of Brighton,5.1,429755,0.006283394,815.6,23.0545094199999,10.13843641,29.686746987951807,1.301354464,0.337419,4.171235,7.26,22.1
4,Fall,2022,471.6522145,50,0.821258252,2.905146665,BucklandPark,Low_Urban,38902,City of Brighton,5.1,429755,0.006283394,815.6,23.0545094199999,10.13843641,29.686746987951807,1.301354464,0.337419,4.171235,7.26,22.1
4,Spring,2021,184.9903943,41,0.681528784,2.5381706,BucklandPark,Low_Urban,38902,City of Brighton,5.1,429755,0.006283394,815.6,23.0545094199999,10.13843641,29.686746987951807,1.301354464,0.337419,4.171235,7.26,22.1
4,Spring,2022,113.1693955,26,0.619310168,2.146526921,BucklandPark,Low_Urban,38902,City of Brighton,5.1,429755,0.006283394,815.6,23.0545094199999,10.13843641,29.686746987951807,1.301354464,0.337419,4.171235,7.26,22.1
6,Fall,2021,77.15987033,38,0.647921691,2.881700249,CurtisPointPark,High_Urban,32144,City of Rochester,4.35,238966,0.009805537,5711.2,32.2463614699999,12.50293911,28.203883495145636,1.340328002,0.2263591,3.355071,7.63,26.5
6,Fall,2022,277.486235,46,0.334162613,2.40985074,CurtisPointPark,High_Urban,32144,City of Rochester,4.35,238966,0.009805537,5711.2,32.2463614699999,12.50293911,28.203883495145636,1.340328002,0.2263591,3.355071,7.63,26.5
6,Spring,2021,158.3702868,35,0.522948199,2.648149539,CurtisPointPark,High_Urban,32144,City of Rochester,4.35,238966,0.009805537,5711.2,32.2463614699999,12.50293911,28.203883495145636,1.340328002,0.2263591,3.355071,7.63,26.5
6,Spring,2022,136.2764703,33,0.601908361,2.286466778,CurtisPointPark,High_Urban,32144,City of Rochester,4.35,238966,0.009805537,5711.2,32.2463614699999,12.50293911,28.203883495145636,1.340328002,0.2263591,3.355071,7.63,26.5
7,Fall,2021,128.422985,35,0.597057147,2.480180385,EllisonPark,Low_Urban,63718,Monroe County,7.71,172324,0.010720155,763.4,2.40217391299999,17.85795651,29.275362318840575,1.409713027,0.2241867,3.28027,7.43,47.5
7,Fall,2022,215.7218365,41,0.42421594,2.464783686,EllisonPark,Low_Urban,63718,Monroe County,7.71,172324,0.010720155,763.4,2.40217391299999,17.85795651,29.275362318840575,1.409713027,0.2241867,3.28027,7.43,47.5
7,Spring,2021,225.9775818,45,0.768216129,2.819821578,EllisonPark,Low_Urban,63718,Monroe County,7.71,172324,0.010720155,763.4,2.40217391299999,17.85795651,29.275362318840575,1.409713027,0.2241867,3.28027,7.43,47.5
7,Spring,2022,152.3611348,39,0.729051365,2.603195179,EllisonPark,Low_Urban,63718,Monroe County,7.71,172324,0.010720155,763.4,2.40217391299999,17.85795651,29.275362318840575,1.409713027,0.2241867,3.28027,7.43,47.5
8,Fall,2021,121.995844,42,0.579373806,2.895879114,FarmigtonPark,High_Urban,48350,City of Rochester,4.43,14140,0.035643564,9748.4,44.12625801,24.00459317,27.47768905589479,1.481944586,0.3308593,3.768868,6.9,28.5
8,Fall,2022,203.7707258,46,0.468598634,2.605097765,FarmigtonPark,High_Urban,48350,City of Rochester,4.43,14140,0.035643564,9748.4,44.12625801,24.00459317,27.47768905589479,1.481944586,0.3308593,3.768868,6.9,28.5
8,Spring,2021,142.1842158,30,0.64759197,2.33482505,FarmigtonPark,High_Urban,48350,City of Rochester,4.43,14140,0.035643564,9748.4,44.12625801,24.00459317,27.47768905589479,1.481944586,0.3308593,3.768868,6.9,28.5
8,Spring,2022,81.80595025,37,0.83102263,2.885326199,FarmigtonPark,High_Urban,48350,City of Rochester,4.43,14140,0.035643564,9748.4,44.12625801,24.00459317,27.47768905589479,1.481944586,0.3308593,3.768868,6.9,28.5
10,Fall,2021,51.1601085,16,0.703618654,1.905686947,KodakLotGreenery,High_Urban,15061,City of Rochester,1.39,106234.92,0.015904093,1751.5,65.67829706,10.60760614,27.47635639621702,1.177986718,0.2104639,3.611562,7.59,25.6
10,Fall,2022,89.1635895,36,0.671558486,2.692532072,KodakLotGreenery,High_Urban,15061,City of Rochester,1.39,106234.92,0.015904093,1751.5,65.67829706,10.60760614,27.47635639621702,1.177986718,0.2104639,3.611562,7.59,25.6
10,Spring,2021,282.6907785,33,0.701066426,1.756261691,KodakLotGreenery,High_Urban,15061,City of Rochester,1.39,106234.92,0.015904093,1751.5,65.67829706,10.60760614,27.47635639621702,1.177986718,0.2104639,3.611562,7.59,25.6
10,Spring,2022,173.9413255,37,0.606551199,2.434773832,KodakLotGreenery,High_Urban,15061,City of Rochester,1.39,106234.92,0.015904093,1751.5,65.67829706,10.60760614,27.47635639621702,1.177986718,0.2104639,3.611562,7.59,25.6
11,Fall,2021,333.4226445,26,0.746228942,0.819002788,GrandAvePark,High_Urban,21667,City of Rochester,2.95,10236.38,0.04745916,11371,54.6981044799999,8.381648426,27.057710501419113,1.254576371,0.2361325,2.962252,7.55,24.3
11,Fall,2022,300.146321,35,0.684289839,1.649276568,GrandAvePark,High_Urban,21667,City of Rochester,2.95,10236.38,0.04745916,11371,54.6981044799999,8.381648426,27.057710501419113,1.254576371,0.2361325,2.962252,7.55,24.3
11,Spring,2021,177.1649475,28,0.66095557,1.371462604,GrandAvePark,High_Urban,21667,City of Rochester,2.95,10236.38,0.04745916,11371,54.6981044799999,8.381648426,27.057710501419113,1.254576371,0.2361325,2.962252,7.55,24.3
11,Spring,2022,259.9406448,30,0.741037296,1.535552352,GrandAvePark,High_Urban,21667,City of Rochester,2.95,10236.38,0.04745916,11371,54.6981044799999,8.381648426,27.057710501419113,1.254576371,0.2361325,2.962252,7.55,24.3
12,Fall,2021,125.729226,43,0.718049645,2.876923334,GreeceCanalPark,Low_Urban,33289,Monroe County,11.51,69175.62,0.017042565,790.6,4.40300069799999,19.61758847,27.63794772507261,1.721576827,0.2184955,2.531056,6.9,49
12,Fall,2022,84.2598302,33,0.739621741,2.778683171,GreeceCanalPark,Low_Urban,33289,Monroe County,11.51,69175.62,0.017042565,790.6,4.40300069799999,19.61758847,27.63794772507261,1.721576827,0.2184955,2.531056,6.9,49
12,Spring,2021,141.6432925,28,0.709425475,2.560377557,GreeceCanalPark,Low_Urban,33289,Monroe County,11.51,69175.62,0.017042565,790.6,4.40300069799999,19.61758847,27.63794772507261,1.721576827,0.2184955,2.531056,6.9,49
12,Spring,2022,82.729627,30,0.735058612,2.852418775,GreeceCanalPark,Low_Urban,33289,Monroe County,11.51,69175.62,0.017042565,790.6,4.40300069799999,19.61758847,27.63794772507261,1.721576827,0.2184955,2.531056,6.9,49
13,Fall,2021,132.7010432,31,0.373112871,2.15130002,GreenwoodPark,Low_Urban,91788,Town of Penfield,10.03,57723.13,0.024052576,2166.6,9.882751938,8.054152328,26.647966339410946,1.817792172,0.2246687,3.073068,7.18,36.7
13,Fall,2022,265.3961323,32,0.278501815,2.123423538,GreenwoodPark,Low_Urban,91788,Town of Penfield,10.03,57723.13,0.024052576,2166.6,9.882751938,8.054152328,26.647966339410946,1.817792172,0.2246687,3.073068,7.18,36.7
13,Spring,2021,100.548049,30,0.618275738,2.448591838,GreenwoodPark,Low_Urban,91788,Town of Penfield,10.03,57723.13,0.024052576,2166.6,9.882751938,8.054152328,26.647966339410946,1.817792172,0.2246687,3.073068,7.18,36.7
13,Spring,2022,69.74412325,31,0.622565591,2.08479383,GreenwoodPark,Low_Urban,91788,Town of Penfield,10.03,57723.13,0.024052576,2166.6,9.882751938,8.054152328,26.647966339410946,1.817792172,0.2246687,3.073068,7.18,36.7
14,Fall,2021,183.6020295,33,0.514496635,1.778794295,HighFallsTerracePark,High_Urban,15571,City of Rochester,0.82,15486.31,0.050465863,2858.3,66.61716318,19.86386325,26.66666666666668,1.362140745,0.2573585,3.403722,7.26,25.6
14,Fall,2022,0,0,1,0,HighFallsTerracePark,High_Urban,15571,City of Rochester,0.82,15486.31,0.050465863,2858.3,66.61716318,19.86386325,26.66666666666668,1.362140745,0.2573585,3.403722,7.26,25.6
14,Spring,2021,199.4273375,34,0.593885956,2.351811842,HighFallsTerracePark,High_Urban,15571,City of Rochester,0.82,15486.31,0.050465863,2858.3,66.61716318,19.86386325,26.66666666666668,1.362140745,0.2573585,3.403722,7.26,25.6
14,Spring,2022,167.5140295,44,0.64734492,2.203175101,HighFallsTerracePark,High_Urban,15571,City of Rochester,0.82,15486.31,0.050465863,2858.3,66.61716318,19.86386325,26.66666666666668,1.362140745,0.2573585,3.403722,7.26,25.6
15,Fall,2021,140.9776518,34,0.539217975,2.342413633,LambertonConservatory,Low_Urban,55750,City of Rochester,2.68,45001.72,0.024761054,4318.7,25.28542673,15.82311133,26.385483079941153,1.470320129,0.148818,1.954458,6.24,54.5
15,Fall,2022,468.8646475,50,0.519341315,2.251137591,LambertonConservatory,Low_Urban,55750,City of Rochester,2.68,45001.72,0.024761054,4318.7,25.28542673,15.82311133,26.385483079941153,1.470320129,0.148818,1.954458,6.24,54.5
15,Spring,2021,111.0172878,28,0.639588459,2.528876131,LambertonConservatory,Low_Urban,55750,City of Rochester,2.68,45001.72,0.024761054,4318.7,25.28542673,15.82311133,26.385483079941153,1.470320129,0.148818,1.954458,6.24,54.5
15,Spring,2022,76.365105,31,0.652238214,2.711869065,LambertonConservatory,Low_Urban,55750,City of Rochester,2.68,45001.72,0.024761054,4318.7,25.28542673,15.82311133,26.385483079941153,1.470320129,0.148818,1.954458,6.24,54.5
16,Fall,2021,253.688178,41,0.411527959,1.903859507,JonesSquarePark,High_Urban,13514,City of Rochester,2.18,28951.95,0.023876457,8557.9,58.64546226,17.98774434,26.97466467958271,1.398721544,0.2145617,3.068827,6.04,28.4
16,Fall,2022,300.0603348,41,0.370086785,2.028538217,JonesSquarePark,High_Urban,13514,City of Rochester,2.18,28951.95,0.023876457,8557.9,58.64546226,17.98774434,26.97466467958271,1.398721544,0.2145617,3.068827,6.04,28.4
16,Spring,2021,308.3110214,30,0.350170467,1.780170565,JonesSquarePark,High_Urban,13514,City of Rochester,2.18,28951.95,0.023876457,8557.9,58.64546226,17.98774434,26.97466467958271,1.398721544,0.2145617,3.068827,6.04,28.4
16,Spring,2022,138.0055195,41,0.643688038,2.837775319,JonesSquarePark,High_Urban,13514,City of Rochester,2.18,28951.95,0.023876457,8557.9,58.64546226,17.98774434,26.97466467958271,1.398721544,0.2145617,3.068827,6.04,28.4
18,Fall,2021,170.245953,40,0.334055028,2.371841601,LaSallesLandingPark,Low_Urban,91788,Town of Penfield,7.19,31758.9,0.034321718,1122.1,6.89083139099999,8.583787462,26.69950738916256,1.58470001,0.147487,1.97459,6.57,42
18,Fall,2022,317.641011,30,0.460621848,1.732361354,LaSallesLandingPark,Low_Urban,91788,Town of Penfield,7.19,31758.9,0.034321718,1122.1,6.89083139099999,8.583787462,26.69950738916256,1.58470001,0.147487,1.97459,6.57,42
18,Spring,2021,112.811124,41,0.669334711,2.721621188,LaSallesLandingPark,Low_Urban,91788,Town of Penfield,7.19,31758.9,0.034321718,1122.1,6.89083139099999,8.583787462,26.69950738916256,1.58470001,0.147487,1.97459,6.57,42
18,Spring,2022,176.8666598,37,0.523879916,2.204580839,LaSallesLandingPark,Low_Urban,91788,Town of Penfield,7.19,31758.9,0.034321718,1122.1,6.89083139099999,8.583787462,26.69950738916256,1.58470001,0.147487,1.97459,6.57,42
19,Fall,2021,68.69762225,32,0.754972444,2.637548854,LegionEyerPark,Low_Urban,31839,Town of East Rochester,11.95,78971.22,0.013885312,4170.9,18.12318069,17.43985769,29.2604501607717,1.635282196,0.2519693,3.760313,7.41,38.6
19,Fall,2022,212.5309373,30,0.400927339,1.896379439,LegionEyerPark,Low_Urban,31839,Town of East Rochester,11.95,78971.22,0.013885312,4170.9,18.12318069,17.43985769,29.2604501607717,1.635282196,0.2519693,3.760313,7.41,38.6
19,Spring,2021,72.291346,26,0.771627588,2.303536845,LegionEyerPark,Low_Urban,31839,Town of East Rochester,11.95,78971.22,0.013885312,4170.9,18.12318069,17.43985769,29.2604501607717,1.635282196,0.2519693,3.760313,7.41,38.6
19,Spring,2022,101.6749505,14,0.467118111,0.84439459,LegionEyerPark,Low_Urban,31839,Town of East Rochester,11.95,78971.22,0.013885312,4170.9,18.12318069,17.43985769,29.2604501607717,1.635282196,0.2519693,3.760313,7.41,38.6
20,Fall,2021,185.9293676,39,0.694001796,3.025412986,LookupPark,Low_Urban,73475,Town of Henrietta,12.21,159498.8,0.01306944,1784.9,8.98716486,14.52648903,30.314585319351767,1.701364364,0.3610481,4.509291,7.59,38.1
20,Fall,2022,-735.785947,19,0.625157905,1.734964153,LookupPark,Low_Urban,73475,Town of Henrietta,12.21,159498.8,0.01306944,1784.9,8.98716486,14.52648903,30.314585319351767,1.701364364,0.3610481,4.509291,7.59,38.1
20,Spring,2021,124.9930408,42,0.761611967,2.919355972,LookupPark,Low_Urban,73475,Town of Henrietta,12.21,159498.8,0.01306944,1784.9,8.98716486,14.52648903,30.314585319351767,1.701364364,0.3610481,4.509291,7.59,38.1
20,Spring,2022,48.54719275,34,0.800693989,2.721774672,LookupPark,Low_Urban,73475,Town of Henrietta,12.21,159498.8,0.01306944,1784.9,8.98716486,14.52648903,30.314585319351767,1.701364364,0.3610481,4.509291,7.59,38.1
22,Fall,2021,133.2289713,41,0.667673584,2.654634988,MaplewoodPark,Low_Urban,34565,City of Rochester,3.43,40908.84,0.020882284,2460.1,42.93470919,16.442983,27.48054474708171,1.437385223,0.3018305,4.059877,6.17,48.4
22,Fall,2022,199.1448073,36,0.552757719,2.818579607,MaplewoodPark,Low_Urban,34565,City of Rochester,3.43,40908.84,0.020882284,2460.1,42.93470919,16.442983,27.48054474708171,1.437385223,0.3018305,4.059877,6.17,48.4
22,Spring,2021,170.3703918,32,0.605138298,2.048155346,MaplewoodPark,Low_Urban,34565,City of Rochester,3.43,40908.84,0.020882284,2460.1,42.93470919,16.442983,27.48054474708171,1.437385223,0.3018305,4.059877,6.17,48.4
22,Spring,2022,90.98881625,39,0.710952766,2.848628074,MaplewoodPark,Low_Urban,34565,City of Rochester,3.43,40908.84,0.020882284,2460.1,42.93470919,16.442983,27.48054474708171,1.437385223,0.3018305,4.059877,6.17,48.4
23,Fall,2021,245.5043993,43,0.376452092,2.5046992,MendonCenterPark,Low_Urban,114359,Town of Mendon,17.93,8822.21,0.043735073,186.5,0.626185957999999,13.99133641,28.15579540122008,1.739279139,0.3378966,4.988034,6.91,47.1
23,Fall,2022,363.6573768,41,0.438506081,2.251632806,MendonCenterPark,Low_Urban,114359,Town of Mendon,17.93,8822.21,0.043735073,186.5,0.626185957999999,13.99133641,28.15579540122008,1.739279139,0.3378966,4.988034,6.91,47.1
23,Spring,2021,301.909125,42,0.298171293,2.275116266,MendonCenterPark,Low_Urban,114359,Town of Mendon,17.93,8822.21,0.043735073,186.5,0.626185957999999,13.99133641,28.15579540122008,1.739279139,0.3378966,4.988034,6.91,47.1
23,Spring,2022,95.3993405,42,0.623625273,2.795940275,MendonCenterPark,Low_Urban,114359,Town of Mendon,17.93,8822.21,0.043735073,186.5,0.626185957999999,13.99133641,28.15579540122008,1.739279139,0.3378966,4.988034,6.91,47.1
24,Fall,2021,373.1816013,52,0.384184341,2.546992636,MendonStationPark,Low_Urban,114359,Town of Mendon,19.55,853.69,0.14729,182,0.32887411,10.90732668,27.79904306220095,1.438835142,0.5472242,11.45938,7.42,57.3
24,Fall,2022,876.7315083,50,0.651283175,2.427073729,MendonStationPark,Low_Urban,114359,Town of Mendon,19.55,853.69,0.14729,182,0.32887411,10.90732668,27.79904306220095,1.438835142,0.5472242,11.45938,7.42,57.3
24,Spring,2021,200.8802488,47,0.475471933,2.780724794,MendonStationPark,Low_Urban,114359,Town of Mendon,19.55,853.69,0.14729,182,0.32887411,10.90732668,27.79904306220095,1.438835142,0.5472242,11.45938,7.42,57.3
24,Spring,2022,307.105257,53,0.711889513,3.152099641,MendonStationPark,Low_Urban,114359,Town of Mendon,19.55,853.69,0.14729,182,0.32887411,10.90732668,27.79904306220095,1.438835142,0.5472242,11.45938,7.42,57.3
25,Fall,2021,11.1473215,12,0.95276946,2.188458272,MLKJrPark,High_Urban,23456,City of Rochester,0.53,3796.36,0.082347301,5006.9,77.24725997,16.42577237,26.023391812865498,1.50035014,0.267199,3.687376,7.72,45.7
25,Fall,2022,37.777864,28,0.767836096,2.406121835,MLKJrPark,High_Urban,23456,City of Rochester,0.53,3796.36,0.082347301,5006.9,77.24725997,16.42577237,26.023391812865498,1.50035014,0.267199,3.687376,7.72,45.7
25,Spring,2021,116.0292935,26,0.808316725,2.21170131,MLKJrPark,High_Urban,23456,City of Rochester,0.53,3796.36,0.082347301,5006.9,77.24725997,16.42577237,26.023391812865498,1.50035014,0.267199,3.687376,7.72,45.7
25,Spring,2022,23.79549375,29,0.947947617,2.973944177,MLKJrPark,High_Urban,23456,City of Rochester,0.53,3796.36,0.082347301,5006.9,77.24725997,16.42577237,26.023391812865498,1.50035014,0.267199,3.687376,7.72,45.7
26,Fall,2021,45.82693475,36,0.771293076,3.009949904,NorthPondsPark,Low_Urban,32325,Town of Webster,15.11,176392.6,0.009860901,2612.1,29.13812003,11.06920442,29.015041242115476,1.911341695,0.219396,2.892544,7.56,37.9
26,Fall,2022,67.0595535,25,0.737306215,2.469308833,NorthPondsPark,Low_Urban,32325,Town of Webster,15.11,176392.6,0.009860901,2612.1,29.13812003,11.06920442,29.015041242115476,1.911341695,0.219396,2.892544,7.56,37.9
26,Spring,2021,66.555402,35,0.710741971,2.741746651,NorthPondsPark,Low_Urban,32325,Town of Webster,15.11,176392.6,0.009860901,2612.1,29.13812003,11.06920442,29.015041242115476,1.911341695,0.219396,2.892544,7.56,37.9
26,Spring,2022,69.6829325,23,0.628004693,2.238986435,NorthPondsPark,Low_Urban,32325,Town of Webster,15.11,176392.6,0.009860901,2612.1,29.13812003,11.06920442,29.015041242115476,1.911341695,0.219396,2.892544,7.56,37.9
27,Fall,2021,94.53024275,32,0.68669816,2.684096913,OntarioBeachPark,Low_Urban,23267,City of Rochester,11.38,14608.35,0.047281178,4001.2,22.50426257,15.21142623,26.932309169467107,1.402651931,0.2751077,3.968549,7.7,50.8
27,Fall,2022,190.668281,30,0.674257632,2.35296064,OntarioBeachPark,Low_Urban,23267,City of Rochester,11.38,14608.35,0.047281178,4001.2,22.50426257,15.21142623,26.932309169467107,1.402651931,0.2751077,3.968549,7.7,50.8
27,Spring,2021,156.607164,34,0.552458078,2.618806252,OntarioBeachPark,Low_Urban,23267,City of Rochester,11.38,14608.35,0.047281178,4001.2,22.50426257,15.21142623,26.932309169467107,1.402651931,0.2751077,3.968549,7.7,50.8
27,Spring,2022,170.7917943,43,0.67111617,2.748083962,OntarioBeachPark,Low_Urban,23267,City of Rochester,11.38,14608.35,0.047281178,4001.2,22.50426257,15.21142623,26.932309169467107,1.402651931,0.2751077,3.968549,7.7,50.8
28,Fall,2021,308.2974338,31,0.375384145,2.046928065,PerintonPark,Low_Urban,42097,Town of Perinton,13.68,58401.74,0.018675129,3186.5,22.34540702,9.983332108,26.899696048632215,1.898040621,0.4439026,4.674928,7.22,38.6
28,Fall,2022,620.3564298,31,0.546980366,1.78039814,PerintonPark,Low_Urban,42097,Town of Perinton,13.68,58401.74,0.018675129,3186.5,22.34540702,9.983332108,26.899696048632215,1.898040621,0.4439026,4.674928,7.22,38.6
28,Spring,2021,151.6807555,49,0.527725211,2.74697763,PerintonPark,Low_Urban,42097,Town of Perinton,13.68,58401.74,0.018675129,3186.5,22.34540702,9.983332108,26.899696048632215,1.898040621,0.4439026,4.674928,7.22,38.6
28,Spring,2022,153.2106405,38,0.526491841,2.654837292,PerintonPark,Low_Urban,42097,Town of Perinton,13.68,58401.74,0.018675129,3186.5,22.34540702,9.983332108,26.899696048632215,1.898040621,0.4439026,4.674928,7.22,38.6
29,Fall,2021,75.35501925,22,0.587436596,1.629730831,RalphAveryPark,High_Urban,33954,City of Rochester,0.88,1933.28,0.150066209,9888.5,26.21267419,15.58002032,26.226993865030675,1.472919419,0.2923104,6.204495,7.32,34.2
29,Fall,2022,94.0062216,33,0.752885276,2.864580254,RalphAveryPark,High_Urban,33954,City of Rochester,0.88,1933.28,0.150066209,9888.5,26.21267419,15.58002032,26.226993865030675,1.472919419,0.2923104,6.204495,7.32,34.2
29,Spring,2021,165.593771,39,0.662145116,2.382340235,RalphAveryPark,High_Urban,33954,City of Rochester,0.88,1933.28,0.150066209,9888.5,26.21267419,15.58002032,26.226993865030675,1.472919419,0.2923104,6.204495,7.32,34.2
29,Spring,2022,81.7883165,42,0.758411122,3.010524962,RalphAveryPark,High_Urban,33954,City of Rochester,0.88,1933.28,0.150066209,9888.5,26.21267419,15.58002032,26.226993865030675,1.472919419,0.2923104,6.204495,7.32,34.2
30,Fall,2021,189.7782203,29,0.589582778,1.578638712,RiverwayTrailExchangeBlvd,High_Urban,25763,City of Rochester,1,500.68,0.296137253,9888.5,59.11813046,12.8228966,24.975320829220145,1.523123021,0.2854837,4.962766,7.32,34
30,Fall,2022,459.8429458,45,0.73720786,1.776806676,RiverwayTrailExchangeBlvd,High_Urban,25763,City of Rochester,1,500.68,0.296137253,9888.5,59.11813046,12.8228966,24.975320829220145,1.523123021,0.2854837,4.962766,7.32,34
30,Spring,2021,389.7476633,38,0.674738418,2.101146653,RiverwayTrailExchangeBlvd,High_Urban,25763,City of Rochester,1,500.68,0.296137253,9888.5,59.11813046,12.8228966,24.975320829220145,1.523123021,0.2854837,4.962766,7.32,34
30,Spring,2022,191.6021545,37,0.607872279,2.176945732,RiverwayTrailExchangeBlvd,High_Urban,25763,City of Rochester,1,500.68,0.296137253,9888.5,59.11813046,12.8228966,24.975320829220145,1.523123021,0.2854837,4.962766,7.32,34
31,Fall,2021,93.5330855,37,0.628880603,2.806681937,RocCitySkatePark,High_Urban,30952,City of Rochester,0.48,4489.14,0.076551411,5006.9,55.1116207999999,12.94056823,26.339737108190093,1.350728696,0.3367073,4.37753,7.53,45.7
31,Fall,2022,176.3457378,28,0.703477247,1.526236946,RocCitySkatePark,High_Urban,30952,City of Rochester,0.48,4489.14,0.076551411,5006.9,55.1116207999999,12.94056823,26.339737108190093,1.350728696,0.3367073,4.37753,7.53,45.7
31,Spring,2021,211.7919218,36,0.645658409,2.525916099,RocCitySkatePark,High_Urban,30952,City of Rochester,0.48,4489.14,0.076551411,5006.9,55.1116207999999,12.94056823,26.339737108190093,1.350728696,0.3367073,4.37753,7.53,45.7
31,Spring,2022,106.4259168,39,0.742037078,2.851011259,RocCitySkatePark,High_Urban,30952,City of Rochester,0.48,4489.14,0.076551411,5006.9,55.1116207999999,12.94056823,26.339737108190093,1.350728696,0.3367073,4.37753,7.53,45.7
32,Fall,2021,131.882402,36,0.420905589,2.196484174,RothfussPark,Low_Urban,91788,Town of Penfield,11.06,266423.62,0.007824119,508.1,70.1207658299999,7.636959939,26.270325203252032,1.536658238,0.2641949,3.685542,7.4,36.7
32,Fall,2022,212.467805,42,0.308993286,2.207010005,RothfussPark,Low_Urban,91788,Town of Penfield,11.06,266423.62,0.007824119,508.1,70.1207658299999,7.636959939,26.270325203252032,1.536658238,0.2641949,3.685542,7.4,36.7
32,Spring,2021,81.47518075,37,0.661816191,2.549005796,RothfussPark,Low_Urban,91788,Town of Penfield,11.06,266423.62,0.007824119,508.1,70.1207658299999,7.636959939,26.270325203252032,1.536658238,0.2641949,3.685542,7.4,36.7
32,Spring,2022,56.77742475,24,0.761679264,2.468375188,RothfussPark,Low_Urban,91788,Town of Penfield,11.06,266423.62,0.007824119,508.1,70.1207658299999,7.636959939,26.270325203252032,1.536658238,0.2641949,3.685542,7.4,36.7
33,Fall,2021,460.4562593,46,0.439010046,2.748750007,SpezioPark,Low_Urban,36002,Town of Irondequoit,10.79,2750.8,0.077915515,5641.9,5.734472934,17.32981745,25.688532799198793,1.259417521,0.2808342,3.984343,7.48,60
33,Fall,2022,345.1908218,45,0.484133553,2.479440544,SpezioPark,Low_Urban,36002,Town of Irondequoit,10.79,2750.8,0.077915515,5641.9,5.734472934,17.32981745,25.688532799198793,1.259417521,0.2808342,3.984343,7.48,60
33,Spring,2021,338.3404163,43,0.486221067,2.805867262,SpezioPark,Low_Urban,36002,Town of Irondequoit,10.79,2750.8,0.077915515,5641.9,5.734472934,17.32981745,25.688532799198793,1.259417521,0.2808342,3.984343,7.48,60
33,Spring,2022,291.0739188,41,0.474535561,2.662852156,SpezioPark,Low_Urban,36002,Town of Irondequoit,10.79,2750.8,0.077915515,5641.9,5.734472934,17.32981745,25.688532799198793,1.259417521,0.2808342,3.984343,7.48,60
34,Fall,2021,211.871767,34,0.500028367,2.639321117,SpezioTriangle,Low_Urban,36002,Town of Irondequoit,10.81,370.52,0.223955522,5641.9,23.0330700899999,20.80984924,29.066410009624644,1.310616482,0.2860944,4.240565,7.79,60
34,Fall,2022,396.2890608,43,0.492054421,2.557681232,SpezioTriangle,Low_Urban,36002,Town of Irondequoit,10.81,370.52,0.223955522,5641.9,23.0330700899999,20.80984924,29.066410009624644,1.310616482,0.2860944,4.240565,7.79,60
34,Spring,2021,139.6866343,30,0.591750982,2.13367005,SpezioTriangle,Low_Urban,36002,Town of Irondequoit,10.81,370.52,0.223955522,5641.9,23.0330700899999,20.80984924,29.066410009624644,1.310616482,0.2860944,4.240565,7.79,60
34,Spring,2022,218.1219633,39,0.535991331,2.494690122,SpezioTriangle,Low_Urban,36002,Town of Irondequoit,10.81,370.52,0.223955522,5641.9,23.0330700899999,20.80984924,29.066410009624644,1.310616482,0.2860944,4.240565,7.79,60
35,Fall,2021,165.0235418,40,0.502621578,2.643061059,SpringLakePark,Low_Urban,42097,Town of Perinton,11.4,42213.2,0.031180768,4170.9,23.78917749,14.3710279,28.12960235640648,1.570855667,0.2174456,4.069806,7.63,51.1
35,Fall,2022,132.182499,37,0.556297037,2.666445787,SpringLakePark,Low_Urban,42097,Town of Perinton,11.4,42213.2,0.031180768,4170.9,23.78917749,14.3710279,28.12960235640648,1.570855667,0.2174456,4.069806,7.63,51.1
35,Spring,2021,86.909574,30,0.701329113,2.58877797,SpringLakePark,Low_Urban,42097,Town of Perinton,11.4,42213.2,0.031180768,4170.9,23.78917749,14.3710279,28.12960235640648,1.570855667,0.2174456,4.069806,7.63,51.1
35,Spring,2022,179.0441383,35,0.677268812,1.917249954,SpringLakePark,Low_Urban,42097,Town of Perinton,11.4,42213.2,0.031180768,4170.9,23.78917749,14.3710279,28.12960235640648,1.570855667,0.2174456,4.069806,7.63,51.1
36,Fall,2021,144.6640115,45,0.564167627,2.999796065,StonybrookRoadPark,Low_Urban,96458,Town of Rush,19.65,22398.07,0.030535667,116.8,0.873831775999999,18.55556522,27.142857142857153,1.63236154,0.1706944,2.72644,7.58,59.9
36,Fall,2022,211.2018732,49,0.519319622,3.013166675,StonybrookRoadPark,Low_Urban,96458,Town of Rush,19.65,22398.07,0.030535667,116.8,0.873831775999999,18.55556522,27.142857142857153,1.63236154,0.1706944,2.72644,7.58,59.9
36,Spring,2021,157.8021968,38,0.609138707,2.799886875,StonybrookRoadPark,Low_Urban,96458,Town of Rush,19.65,22398.07,0.030535667,116.8,0.873831775999999,18.55556522,27.142857142857153,1.63236154,0.1706944,2.72644,7.58,59.9
36,Spring,2022,260.4598345,41,0.4972503,2.653291988,StonybrookRoadPark,Low_Urban,96458,Town of Rush,19.65,22398.07,0.030535667,116.8,0.873831775999999,18.55556522,27.142857142857153,1.63236154,0.1706944,2.72644,7.58,59.9
37,Fall,2021,119.486972,26,0.653802055,2.088147857,SusanBAnthonySquare,High_Urban,16838,City of Rochester,1.56,4193.05,0.064013069,5883.5,59.2128514099999,17.2135072,28.285295554469954,1.381359925,0.2205,3.669049,7.38,32
37,Fall,2022,185.6313095,38,0.647843661,2.496464672,SusanBAnthonySquare,High_Urban,16838,City of Rochester,1.56,4193.05,0.064013069,5883.5,59.2128514099999,17.2135072,28.285295554469954,1.381359925,0.2205,3.669049,7.38,32
37,Spring,2021,154.2120155,27,0.599625706,2.411941289,SusanBAnthonySquare,High_Urban,16838,City of Rochester,1.56,4193.05,0.064013069,5883.5,59.2128514099999,17.2135072,28.285295554469954,1.381359925,0.2205,3.669049,7.38,32
37,Spring,2022,158.9585965,38,0.581094744,2.81049763,SusanBAnthonySquare,High_Urban,16838,City of Rochester,1.56,4193.05,0.064013069,5883.5,59.2128514099999,17.2135072,28.285295554469954,1.381359925,0.2205,3.669049,7.38,32
38,Fall,2021,360.0177355,45,0.351102776,2.542826469,TurningPointPark,Low_Urban,35929,City of Rochester,8.35,153345,0.001058072,2702.3,18.67439061,13.58669999,24.987775061124694,1.355309413,0.2190793,3.247096,7.32,46.8
38,Fall,2022,494.6633168,47,0.516461246,2.048189561,TurningPointPark,Low_Urban,35929,City of Rochester,8.35,153345,0.001058072,2702.3,18.67439061,13.58669999,24.987775061124694,1.355309413,0.2190793,3.247096,7.32,46.8
38,Spring,2021,163.2083265,31,0.317781594,1.986785435,TurningPointPark,Low_Urban,35929,City of Rochester,8.35,153345,0.001058072,2702.3,18.67439061,13.58669999,24.987775061124694,1.355309413,0.2190793,3.247096,7.32,46.8
38,Spring,2022,248.4581893,41,0.353757399,2.565091424,TurningPointPark,Low_Urban,35929,City of Rochester,8.35,153345,0.001058072,2702.3,18.67439061,13.58669999,24.987775061124694,1.355309413,0.2190793,3.247096,7.32,46.8
39,Fall,2021,143.076459,34,0.533301765,2.662203276,VeteransMemorialPark,Low_Urban,73475,Town of Henrietta,10.05,233616,0.009627979,838.2,22.29560765,12.73104856,29.378531073446325,1.517102594,0.2264302,3.215303,6.4,43.7
39,Fall,2022,162.7166938,33,0.84652767,2.307734983,VeteransMemorialPark,Low_Urban,73475,Town of Henrietta,10.05,233616,0.009627979,838.2,22.29560765,12.73104856,29.378531073446325,1.517102594,0.2264302,3.215303,6.4,43.7
39,Spring,2021,169.5989892,30,0.763001906,2.519289253,VeteransMemorialPark,Low_Urban,73475,Town of Henrietta,10.05,233616,0.009627979,838.2,22.29560765,12.73104856,29.378531073446325,1.517102594,0.2264302,3.215303,6.4,43.7
39,Spring,2022,68.617574,34,0.74080386,2.479868138,VeteransMemorialPark,Low_Urban,73475,Town of Henrietta,10.05,233616,0.009627979,838.2,22.29560765,12.73104856,29.378531073446325,1.517102594,0.2264302,3.215303,6.4,43.7
40,Fall,2021,253.8167412,28,0.663801023,1.957979902,WadsworthSquarePark,High_Urban,20118,City of Rochester,0.72,3285.81,0.069857965,7930.7,71.97605083,11.79383417,27.23258096172718,1.187181667,0.2342463,3.673786,7.25,27.8
40,Fall,2022,321.2459158,47,0.682107608,2.023437868,WadsworthSquarePark,High_Urban,20118,City of Rochester,0.72,3285.81,0.069857965,7930.7,71.97605083,11.79383417,27.23258096172718,1.187181667,0.2342463,3.673786,7.25,27.8
40,Spring,2021,227.6343735,30,0.598870898,2.534068416,WadsworthSquarePark,High_Urban,20118,City of Rochester,0.72,3285.81,0.069857965,7930.7,71.97605083,11.79383417,27.23258096172718,1.187181667,0.2342463,3.673786,7.25,27.8
40,Spring,2022,103.3109418,27,0.645437384,2.171313949,WadsworthSquarePark,High_Urban,20118,City of Rochester,0.72,3285.81,0.069857965,7930.7,71.97605083,11.79383417,27.23258096172718,1.187181667,0.2342463,3.673786,7.25,27.8
41,Fall,2021,26.739948,21,0.935981953,2.621665953,WashingtonSquarePark,High_Urban,23456,City of Rochester,0.37,2189.72,0.085782657,5006.9,75.7886733099999,15.56895874,23.973973973973976,1.558475551,0.3236609,5.833558,7.31,45.7
41,Fall,2022,46.970413,28,0.82583043,2.640061021,WashingtonSquarePark,High_Urban,23456,City of Rochester,0.37,2189.72,0.085782657,5006.9,75.7886733099999,15.56895874,23.973973973973976,1.558475551,0.3236609,5.833558,7.31,45.7
41,Spring,2021,83.809881,28,0.850218247,2.901697381,WashingtonSquarePark,High_Urban,23456,City of Rochester,0.37,2189.72,0.085782657,5006.9,75.7886733099999,15.56895874,23.973973973973976,1.558475551,0.3236609,5.833558,7.31,45.7
41,Spring,2022,55.8075815,29,0.924574423,2.26407126,WashingtonSquarePark,High_Urban,23456,City of Rochester,0.37,2189.72,0.085782657,5006.9,75.7886733099999,15.56895874,23.973973973973976,1.558475551,0.3236609,5.833558,7.31,45.7
42,Fall,2021,81.16677625,25,0.772757652,1.888986266,GeneseeGatewayPark,High_Urban,23456,City of Rochester,1.62,16758.18,0.0788623097,9888.5,79.00176201,11.01224257,28.329297820823236,1.494128021,0.2633291,4.498212,7.34,32.7
42,Fall,2022,164.5029868,40,0.664351605,2.828094213,GeneseeGatewayPark,High_Urban,23456,City of Rochester,1.62,16758.18,0.0788623097,9888.5,79.00176201,11.01224257,28.329297820823236,1.494128021,0.2633291,4.498212,7.34,32.7
42,Spring,2022,68.439687,32,0.848315731,2.312533315,GeneseeGatewayPark,High_Urban,23456,City of Rochester,1.62,16758.18,0.0788623097,9888.5,79.00176201,11.01224257,28.329297820823236,1.494128021,0.2633291,4.498212,7.34,32.7
43,Fall,2021,76.4924085,29,0.616792785,2.66035434,WebsterFirstRespondersPark,Low_Urban,32325,Town of Webster,16.91,151638.55,0.013498283,1702.5,20.2360867,14.53643464,26.936026936026934,1.381353774,0.2414931,3.080238,7.42,49
43,Fall,2022,186.5705893,37,0.445556749,2.519288268,WebsterFirstRespondersPark,Low_Urban,32325,Town of Webster,16.91,151638.55,0.013498283,1702.5,20.2360867,14.53643464,26.936026936026934,1.381353774,0.2414931,3.080238,7.42,49
43,Spring,2021,107.9057495,35,0.663166219,2.894218523,WebsterFirstRespondersPark,Low_Urban,32325,Town of Webster,16.91,151638.55,0.013498283,1702.5,20.2360867,14.53643464,26.936026936026934,1.381353774,0.2414931,3.080238,7.42,49
43,Spring,2022,52.4677675,24,0.776511668,2.48178954,WebsterFirstRespondersPark,Low_Urban,32325,Town of Webster,16.91,151638.55,0.013498283,1702.5,20.2360867,14.53643464,26.936026936026934,1.381353774,0.2414931,3.080238,7.42,49
44,Fall,2021,132.974116,32,0.47337668,2.627117071,WhiteBrookNatureArea,Low_Urban,23456,Town of Perinton,20.03,63198.09,0.017382171,996.6,3.679118416,10.29704843,27.77777777777778,1.572295078,0.2726327,3.264385,6.77,39.2
44,Fall,2022,296.3928145,42,0.46550846,2.393396866,WhiteBrookNatureArea,Low_Urban,23456,Town of Perinton,20.03,63198.09,0.017382171,996.6,3.679118416,10.29704843,27.77777777777778,1.572295078,0.2726327,3.264385,6.77,39.2
44,Spring,2021,138.6648923,39,0.510322392,2.417166763,WhiteBrookNatureArea,Low_Urban,23456,Town of Perinton,20.03,63198.09,0.017382171,996.6,3.679118416,10.29704843,27.77777777777778,1.572295078,0.2726327,3.264385,6.77,39.2
44,Spring,2022,27.6950104,25,0.869592094,2.569672596,WhiteBrookNatureArea,Low_Urban,23456,Town of Perinton,20.03,63198.09,0.017382171,996.6,3.679118416,10.29704843,27.77777777777778,1.572295078,0.2726327,3.264385,6.77,39.2
